{
  "model_A": {
    "conversation_metrics": {
      "bleu_score": 0.05759759342218564,
      "wer_score": 3.4977584674632167,
      "response_relevance": 0.09616260654841566,
      "clarity": 0.885251646903821,
      "task_completion": 0.8566349206349206
    }
  },
  "model_B": {
    "conversation_metrics": {
      "bleu_score": 0.06308497627223157,
      "wer_score": 3.4318751851486127,
      "response_relevance": 0.10801133481661224,
      "clarity": 0.8661781144781145,
      "task_completion": 0.8322962962962964
    }
  }
}