{
  "model_A": {
    "conversation_metrics": {
      "bleu_score": 0.059584621439319536,
      "wer_score": 2.4478991190679174,
      "response_relevance": 0.0967847949235931,
      "clarity": 0.9318657383726437,
      "task_completion": 0.9150000000000001
    }
  },
  "model_B": {
    "conversation_metrics": {
      "bleu_score": 0.054281112305020335,
      "wer_score": 1.275127877237852,
      "response_relevance": 0.11277215815829471,
      "clarity": 0.9530865800865801,
      "task_completion": 0.7170512820512821
    }
  }
}