{
  "run_timestamp": "20241229_161453",
  "configuration": {
    "models_tested": [
      "model_A",
      "model_B"
    ],
    "total_test_cases": 15,
    "rounds_per_model": 3,
    "json_tests_enabled": false,
    "validation_enabled": true
  },
  "results_summary": {
    "model_A": {
      "avg_bleu_score": 0.059584621439319536,
      "avg_task_completion": 0.9150000000000001
    },
    "model_B": {
      "avg_bleu_score": 0.054281112305020335,
      "avg_task_completion": 0.7170512820512821
    }
  },
  "detailed_metrics": {
    "model_A": {
      "conversation_metrics": {
        "bleu_score": 0.059584621439319536,
        "wer_score": 2.4478991190679174,
        "response_relevance": 0.0967847949235931,
        "clarity": 0.9318657383726437,
        "task_completion": 0.9150000000000001
      }
    },
    "model_B": {
      "conversation_metrics": {
        "bleu_score": 0.054281112305020335,
        "wer_score": 1.275127877237852,
        "response_relevance": 0.11277215815829471,
        "clarity": 0.9530865800865801,
        "task_completion": 0.7170512820512821
      }
    }
  }
}