{
  "run_timestamp": "20250127_214519",
  "configuration": {
    "models_tested": [
      "model_A",
      "model_B"
    ],
    "total_test_cases": 15,
    "rounds_per_model": 3,
    "json_tests_enabled": false,
    "validation_enabled": true
  },
  "results_summary": {
    "model_A": {
      "avg_bleu_score": 0.05759759342218564,
      "avg_task_completion": 0.8566349206349206
    },
    "model_B": {
      "avg_bleu_score": 0.06308497627223157,
      "avg_task_completion": 0.8322962962962964
    }
  },
  "detailed_metrics": {
    "model_A": {
      "conversation_metrics": {
        "bleu_score": 0.05759759342218564,
        "wer_score": 3.4977584674632167,
        "response_relevance": 0.09616260654841566,
        "clarity": 0.885251646903821,
        "task_completion": 0.8566349206349206
      }
    },
    "model_B": {
      "conversation_metrics": {
        "bleu_score": 0.06308497627223157,
        "wer_score": 3.4318751851486127,
        "response_relevance": 0.10801133481661224,
        "clarity": 0.8661781144781145,
        "task_completion": 0.8322962962962964
      }
    }
  }
}